Rank,Title,Genre,Description,Director,Actors,Year,Runtime (Minutes),Rating,Votes,Revenue (Millions),Metascore
55,The Dark Knight,"Action,Crime,Drama","When the menace known as the Joker wreaks havoc and chaos on the people of Gotham, the Dark Knight must come to terms with one of the greatest psychological tests of his ability to fight injustice.",Christopher Nolan,"Christian Bale, Heath Ledger, Aaron Eckhart,Michael Caine",2008,152,9,1791916,533.32,82
81,Inception,"Action,Adventure,Sci-Fi","A thief, who steals corporate secrets through use of dream-sharing technology, is given the inverse task of planting an idea into the mind of a CEO.",Christopher Nolan,"Leonardo DiCaprio, Joseph Gordon-Levitt, Ellen Page, Ken Watanabe",2010,148,8.8,1583625,292.57,74
37,Interstellar,"Adventure,Drama,Sci-Fi",A team of explorers travel through a wormhole in space in an attempt to ensure humanity's survival.,Christopher Nolan,"Matthew McConaughey, Anne Hathaway, Jessica Chastain, Mackenzie Foy",2014,169,8.6,1047747,187.99,74
77,The Avengers,"Action,Sci-Fi",Earth's mightiest heroes must come together and learn to fight as a team if they are to stop the mischievous Loki and his alien army from enslaving humanity.,Joss Whedon,"Robert Downey Jr., Chris Evans, Scarlett Johansson,Jeremy Renner",2012,143,8.1,1045588,623.28,69
78,Inglourious Basterds,"Adventure,Drama,War","In Nazi-occupied France during World War II, a plan to assassinate Nazi leaders by a group of Jewish U.S. soldiers coincides with a theatre owner's vengeful plans for the same.",Quentin Tarantino,"Brad Pitt, Diane Kruger, Eli Roth,Mélanie Laurent",2009,153,8.3,959065,120.52,69
100,The Departed,"Crime,Drama,Thriller",An undercover cop and a mole in the police attempt to identify each other while infiltrating an Irish gang in South Boston.,Martin Scorsese,"Leonardo DiCaprio, Matt Damon, Jack Nicholson, Mark Wahlberg",2006,151,8.5,937414,132.37,85
88,Avatar,"Action,Adventure,Fantasy",A paraplegic marine dispatched to the moon Pandora on a unique mission becomes torn between following his orders and protecting the world he feels is his home.,James Cameron,"Sam Worthington, Zoe Saldana, Sigourney Weaver, Michelle Rodriguez",2009,162,7.8,935408,760.51,83
65,The Prestige,"Drama,Mystery,Sci-Fi",Two stage magicians engage in competitive one-upmanship in an attempt to create the ultimate stage illusion.,Christopher Nolan,"Christian Bale, Hugh Jackman, Scarlett Johansson, Michael Caine",2006,130,8.5,913152,53.08,66
83,The Wolf of Wall Street,"Biography,Comedy,Crime","Based on the true story of Jordan Belfort, from his rise to a wealthy stock-broker living the high life to his fall involving crime, corruption and the federal government.",Martin Scorsese,"Leonardo DiCaprio, Jonah Hill, Margot Robbie,Matthew McConaughey",2013,180,8.2,865134,116.87,75
1,Guardians of the Galaxy,"Action,Adventure,Sci-Fi",A group of intergalactic criminals are forced to work together to stop a fanatical warrior from taking control of the universe.,James Gunn,"Chris Pratt, Vin Diesel, Bradley Cooper, Zoe Saldana",2014,121,8.1,757074,333.13,76
51,Star Wars: Episode VII - The Force Awakens,"Action,Adventure,Fantasy","Three decades after the defeat of the Galactic Empire, a new threat arises. The First Order attempts to rule the galaxy and only a ragtag group of heroes can stop them, along with the help of the Resistance.",J.J. Abrams,"Daisy Ridley, John Boyega, Oscar Isaac, Domhnall Gleeson",2015,136,8.1,661608,936.63,81
84,Gone Girl,"Crime,Drama,Mystery","With his wife's disappearance having become the focus of an intense media circus, a man sees the spotlight turned on him when it's suspected that he may not be innocent.",David Fincher,"Ben Affleck, Rosamund Pike, Neil Patrick Harris,Tyler Perry",2014,149,8.1,636243,167.74,79
68,Mad Max: Fury Road,"Action,Adventure,Sci-Fi","A woman rebels against a tyrannical ruler in postapocalyptic Australia in search for her home-land with the help of a group of female prisoners, a psychotic worshipper, and a drifter named Max.",George Miller,"Tom Hardy, Charlize Theron, Nicholas Hoult, Zoë Kravitz",2015,120,8.1,632842,153.63,90
34,Deadpool,"Action,Adventure,Comedy",A fast-talking mercenary with a morbid sense of humor is subjected to a rogue experiment that leaves him with accelerated healing powers and a quest for revenge.,Tim Miller,"Ryan Reynolds, Morena Baccarin, T.J. Miller, Ed Skrein",2016,108,8,627797,363.02,65
79,Pirates of the Caribbean: Dead Man's Chest,"Action,Adventure,Fantasy","Jack Sparrow races to recover the heart of Davy Jones to avoid enslaving his soul to Jones' service, as other friends and foes seek the heart for their own agenda as well.",Gore Verbinski,"Johnny Depp, Orlando Bloom, Keira Knightley, Jack Davenport",2006,151,7.3,552027,423.03,53
95,Avengers: Age of Ultron,"Action,Adventure,Sci-Fi","When Tony Stark and Bruce Banner try to jump-start a dormant peacekeeping program called Ultron, things go horribly wrong and it's up to Earth's mightiest heroes to stop the villainous Ultron from enacting his terrible plan.",Joss Whedon,"Robert Downey Jr., Chris Evans, Mark Ruffalo, Chris Hemsworth",2015,141,7.4,516895,458.99,66
76,Pirates of the Caribbean: At World's End,"Action,Adventure,Fantasy","Captain Barbossa, Will Turner and Elizabeth Swann must sail off the edge of the map, navigate treachery and betrayal, find Jack Sparrow, and make their final alliances for one last decisive battle.",Gore Verbinski,"Johnny Depp, Orlando Bloom, Keira Knightley,Geoffrey Rush",2007,169,7.1,498821,309.4,50
2,Prometheus,"Adventure,Mystery,Sci-Fi","Following clues to the origin of mankind, a team finds a structure on a distant moon, but they soon realize they are not alone.",Ridley Scott,"Noomi Rapace, Logan Marshall-Green, Michael Fassbender, Charlize Theron",2012,124,7,485820,126.46,65
61,Batman v Superman: Dawn of Justice,"Action,Adventure,Sci-Fi","Fearing that the actions of Superman are left unchecked, Batman takes on the Man of Steel, while the world wrestles with what kind of a hero it really needs.",Zack Snyder,"Ben Affleck, Henry Cavill, Amy Adams, Jesse Eisenberg",2016,151,6.7,472307,330.25,44
86,Jurassic World,"Action,Adventure,Sci-Fi","A new theme park, built on the original site of Jurassic Park, creates a genetically modified hybrid dinosaur, which escapes containment and goes on a killing spree.",Colin Trevorrow,"Chris Pratt, Bryce Dallas Howard, Ty Simpkins,Judy Greer",2015,124,7,455169,652.18,59
66,Kingsman: The Secret Service,"Action,Adventure,Comedy","A spy organization recruits an unrefined, but promising street kid into the agency's ultra-competitive training program, just as a global threat emerges from a twisted tech genius.",Matthew Vaughn,"Colin Firth, Taron Egerton, Samuel L. Jackson,Michael Caine",2014,129,7.7,440209,128.25,58
91,Prisoners,"Crime,Drama,Mystery","When Keller Dover's daughter and her friend go missing, he takes matters into his own hands as the police pursue multiple leads and the pressure mounts.",Denis Villeneuve,"Hugh Jackman, Jake Gyllenhaal, Viola Davis,Melissa Leo",2013,153,8.1,431185,60.96,74
36,Captain America: Civil War,"Action,Adventure,Sci-Fi",Political interference in the Avengers' activities causes a rift between former allies Captain America and Iron Man.,Anthony Russo,"Chris Evans, Robert Downey Jr.,Scarlett Johansson, Sebastian Stan",2016,147,7.9,411656,408.08,75
46,Pirates of the Caribbean: On Stranger Tides,"Action,Adventure,Fantasy","Jack Sparrow and Barbossa embark on a quest to find the elusive fountain of youth, only to discover that Blackbeard and his daughter are after it too.",Rob Marshall,"Johnny Depp, Penélope Cruz, Ian McShane, Geoffrey Rush",2011,136,6.7,395025,241.06,45
5,Suicide Squad,"Action,Adventure,Fantasy",A secret government agency recruits some of the most dangerous incarcerated super-villains to form a defensive task force. Their first mission: save the world from the apocalypse.,David Ayer,"Will Smith, Jared Leto, Margot Robbie, Viola Davis",2016,123,6.2,393727,325.02,40
93,The Help,Drama,"An aspiring author during the civil rights movement of the 1960s decides to write a book detailing the African American maids' point of view on the white families for which they work, and the hardships they go through on a daily basis.",Tate Taylor,"Emma Stone, Viola Davis, Octavia Spencer, Bryce Dallas Howard",2011,146,8.1,342429,169.71,62
89,The Hateful Eight,"Crime,Drama,Mystery","In the dead of a Wyoming winter, a bounty hunter and his prisoner find shelter in a cabin currently inhabited by a collection of nefarious characters.",Quentin Tarantino,"Samuel L. Jackson, Kurt Russell, Jennifer Jason Leigh, Walton Goggins",2015,187,7.8,341170,54.12,68
20,Arrival,"Drama,Mystery,Sci-Fi","When twelve mysterious spacecraft appear around the world, linguistics professor Louise Banks is tasked with interpreting the language of the apparent alien visitors.",Denis Villeneuve,"Amy Adams, Jeremy Renner, Forest Whitaker,Michael Stuhlbarg",2016,116,8,340798,100.5,81
13,Rogue One,"Action,Adventure,Sci-Fi","The Rebel Alliance makes a risky move to steal the plans for the Death Star, setting up the epic saga to follow.",Gareth Edwards,"Felicity Jones, Diego Luna, Alan Tudyk, Donnie Yen",2016,133,7.9,323118,532.17,65
54,John Wick,"Action,Crime,Thriller",An ex-hitman comes out of retirement to track down the gangsters that took everything from him.,Chad Stahelski,"Keanu Reeves, Michael Nyqvist, Alfie Allen, Willem Dafoe",2014,101,7.2,321933,43,68
85,Furious Seven,"Action,Crime,Thriller",Deckard Shaw seeks revenge against Dominic Toretto and his family for his comatose brother.,James Wan,"Vin Diesel, Paul Walker, Dwayne Johnson, Jason Statham",2015,137,7.2,301249,350.03,67
75,Zootopia,"Animation,Adventure,Comedy","In a city of anthropomorphic animals, a rookie bunny cop and a cynical con artist fox must work together to uncover a conspiracy.",Byron Howard,"Ginnifer Goodwin, Jason Bateman, Idris Elba, Jenny Slate",2016,108,8.1,296853,341.26,78
38,Doctor Strange,"Action,Adventure,Fantasy","While on a journey of physical and spiritual healing, a brilliant neurosurgeon is drawn into the world of the mystic arts.",Scott Derrickson,"Benedict Cumberbatch, Chiwetel Ejiofor, Rachel McAdams, Benedict Wong",2016,115,7.6,293732,232.6,72
33,X-Men: Apocalypse,"Action,Adventure,Sci-Fi","After the re-emergence of the world's first mutant, world-destroyer Apocalypse, the X-Men must unite to defeat his extinction level plan.",Bryan Singer,"James McAvoy, Michael Fassbender, Jennifer Lawrence, Nicholas Hoult",2016,144,7.1,275510,155.33,52
7,La La Land,"Comedy,Drama,Music",A jazz pianist falls for an aspiring actress in Los Angeles.,Damien Chazelle,"Ryan Gosling, Emma Stone, Rosemarie DeWitt, J.K. Simmons",2016,128,8.3,258682,151.06,93
64,Fifty Shades of Grey,"Drama,Romance,Thriller","Literature student Anastasia Steele's life changes forever when she meets handsome, yet tormented, billionaire Christian Grey.",Sam Taylor-Johnson,"Dakota Johnson, Jamie Dornan, Jennifer Ehle,Eloise Mumford",2015,125,4.1,244474,166.15,46
11,Fantastic Beasts and Where to Find Them,"Adventure,Family,Fantasy",The adventures of writer Newt Scamander in New York's secret community of witches and wizards seventy years before Harry Potter reads his book in school.,David Yates,"Eddie Redmayne, Katherine Waterston, Alison Sudol,Dan Fogler",2016,133,7.5,232072,234.02,66
17,Hacksaw Ridge,"Biography,Drama,History","WWII American Army Medic Desmond T. Doss, who served during the Battle of Okinawa, refuses to kill people, and becomes the first man in American history to receive the Medal of Honor without firing a shot.",Mel Gibson,"Andrew Garfield, Sam Worthington, Luke Bracey,Teresa Palmer",2016,139,8.2,211760,67.12,71
10,Passengers,"Adventure,Drama,Romance","A spacecraft traveling to a distant colony planet and transporting thousands of people has a malfunction in its sleep chambers. As a result, two passengers are awakened 90 years early.",Morten Tyldum,"Jennifer Lawrence, Chris Pratt, Michael Sheen,Laurence Fishburne",2016,116,7,192177,100.01,41
92,Warcraft,"Action,Adventure,Fantasy","As an Orc horde invades the planet Azeroth using a magic portal, a few human heroes and dissenting Orcs must attempt to stop the true evil behind this war.",Duncan Jones,"Travis Fimmel, Paula Patton, Ben Foster, Dominic Cooper",2016,123,7,187547,47.17,32
96,The Nice Guys,"Action,Comedy,Crime","In 1970s Los Angeles, a mismatched pair of private eyes investigate a missing girl and the mysterious death of a porn star.",Shane Black,"Russell Crowe, Ryan Gosling, Angourie Rice, Matt Bomer",2016,116,7.4,175067,36.25,70
49,Star Trek Beyond,"Action,Adventure,Sci-Fi","The USS Enterprise crew explores the furthest reaches of uncharted space, where they encounter a new ruthless enemy who puts them and everything the Federation stands for to the test.",Justin Lin,"Chris Pine, Zachary Quinto, Karl Urban, Zoe Saldana",2016,122,7.1,164567,158.8,68
90,The Accountant,"Action,Crime,Drama","As a math savant uncooks the books for a new client, the Treasury Department closes in on his activities and the body count starts to rise.",Gavin O'Connor,"Ben Affleck, Anna Kendrick, J.K. Simmons, Jon Bernthal",2016,128,7.4,162122,86.2,51
3,Split,"Horror,Thriller",Three girls are kidnapped by a man with a diagnosed 23 distinct personalities. They must try to escape before the apparent emergence of a frightful new 24th.,M. Night Shyamalan,"James McAvoy, Anya Taylor-Joy, Haley Lu Richardson, Jessica Sula",2016,117,7.3,157606,138.12,62
18,Jason Bourne,"Action,Thriller",The CIA's most dangerous former operative is drawn out of hiding to uncover more explosive truths about his past.,Paul Greengrass,"Matt Damon, Tommy Lee Jones, Alicia Vikander,Vincent Cassel",2016,123,6.7,150823,162.16,58
71,The Promise,"Drama,History","Set during the last days of the Ottoman Empire, The Promise follows a love triangle between Michael, a brilliant medical student, the beautiful and sophisticated Ana, and Chris - a renowned American journalist based in Paris.",Terry George,"Oscar Isaac, Charlotte Le Bon, Christian Bale, Daniel Giménez Cacho",2016,133,5.9,149791,,49
80,Ghostbusters,"Action,Comedy,Fantasy","Following a ghost invasion of Manhattan, paranormal enthusiasts Erin Gilbert and Abby Yates, nuclear engineer Jillian Holtzmann, and subway worker Patty Tolan band together to stop the otherworldly threat.",Paul Feig,"Melissa McCarthy, Kristen Wiig, Kate McKinnon, Leslie Jones",2016,116,5.3,147717,128.34,60
60,Sully,"Biography,Drama","The story of Chesley Sullenberger, an American pilot who became a hero after landing his damaged plane on the Hudson River in order to save the flight's passengers and crew.",Clint Eastwood,"Tom Hanks, Aaron Eckhart, Laura Linney, Valerie Mahaffey",2016,96,7.5,137608,125.07,74
42,Moonlight,Drama,"A chronicle of the childhood, adolescence and burgeoning adulthood of a young, African-American, gay man growing up in a rough neighborhood of Miami.",Barry Jenkins,"Mahershala Ali, Shariff Earp, Duan Sanderson, Alex R. Hibbert",2016,111,7.5,135095,27.85,99
22,Manchester by the Sea,Drama,A depressed uncle is asked to take care of his teenage nephew after the boy's father dies.,Kenneth Lonergan,"Casey Affleck, Michelle Williams, Kyle Chandler,Lucas Hedges",2016,137,7.9,134213,47.7,96
25,Independence Day: Resurgence,"Action,Adventure,Sci-Fi","Two decades after the first Independence Day invasion, Earth is faced with a new extra-Solar threat. But will mankind's new space defenses be enough?",Roland Emmerich,"Liam Hemsworth, Jeff Goldblum, Bill Pullman,Maika Monroe",2016,120,5.3,127553,103.14,32
32,Nocturnal Animals,"Drama,Thriller","A wealthy art gallery owner is haunted by her ex-husband's novel, a violent thriller she interprets as a symbolic revenge tale.",Tom Ford,"Amy Adams, Jake Gyllenhaal, Michael Shannon, Aaron Taylor-Johnson",2016,116,7.5,126030,10.64,67
39,The Magnificent Seven,"Action,Adventure,Western",Seven gunmen in the old west gradually come together to help a poor village against savage thieves.,Antoine Fuqua,"Denzel Washington, Chris Pratt, Ethan Hawke,Vincent D'Onofrio",2016,132,6.9,122853,93.38,54
57,Don't Breathe,"Crime,Horror,Thriller","Hoping to walk away with a massive fortune, a trio of thieves break into the house of a blind man who isn't as helpless as he seems.",Fede Alvarez,"Stephen Lang, Jane Levy, Dylan Minnette, Daniel Zovatto",2016,88,7.2,121103,89.21,71
41,Sausage Party,"Animation,Adventure,Comedy",A sausage strives to discover the truth about his existence.,Greg Tiernan,"Seth Rogen, Kristen Wiig, Jonah Hill, Alistair Abell",2016,89,6.3,120690,97.66,66
16,The Secret Life of Pets,"Animation,Adventure,Comedy","The quiet life of a terrier named Max is upended when his owner takes in Duke, a stray whom Max instantly dislikes.",Chris Renaud,"Louis C.K., Eric Stonestreet, Kevin Hart, Lake Bell",2016,87,6.6,120259,368.31,61
14,Moana,"Animation,Adventure,Comedy","In Ancient Polynesia, when a terrible curse incurred by the Demigod Maui reaches an impetuous Chieftain's daughter's island, she answers the Ocean's call to seek out the Demigod to set things right.",Ron Clements,"Auli'i Cravalho, Dwayne Johnson, Rachel House, Temuera Morrison",2016,107,7.7,118151,248.75,81
58,Me Before You,"Drama,Romance",A girl in a small town forms an unlikely bond with a recently-paralyzed man she's taking care of.,Thea Sharrock,"Emilia Clarke, Sam Claflin, Janet McTeer, Charles Dance",2016,106,7.4,113322,56.23,51
30,Assassin's Creed,"Action,Adventure,Drama","When Callum Lynch explores the memories of his ancestor Aguilar and gains the skills of a Master Assassin, he discovers he is a descendant of the secret Assassins society.",Justin Kurzel,"Michael Fassbender, Marion Cotillard, Jeremy Irons,Brendan Gleeson",2016,115,5.9,112813,54.65,36
94,War Dogs,"Comedy,Crime,Drama","Based on the true story of two young men, David Packouz and Efraim Diveroli, who won a $300 million contract from the Pentagon to arm America's allies in Afghanistan.",Todd Phillips,"Jonah Hill, Miles Teller, Steve Lantz, Gregg Weiner",2016,114,7.1,106463,43.02,57
82,Captain Fantastic,"Comedy,Drama","In the forests of the Pacific Northwest, a father devoted to raising his six kids with a rigorous physical and intellectual education is forced to leave his paradise and enter the world, challenging his idea of what it means to be a parent.",Matt Ross,"Viggo Mortensen, George MacKay, Samantha Isler,Annalise Basso",2016,118,7.9,105081,5.88,72
63,The Girl on the Train,"Crime,Drama,Mystery",A divorcee becomes entangled in a missing persons investigation that promises to send shockwaves throughout her life.,Tate Taylor,"Emily Blunt, Haley Bennett, Rebecca Ferguson, Justin Theroux",2016,112,6.5,102177,75.31,48
19,Lion,"Biography,Drama","A five-year-old Indian boy gets lost on the streets of Calcutta, thousands of kilometers from home. He survives many challenges before being adopted by a couple in Australia. 25 years later, he sets out to find his lost family.",Garth Davis,"Dev Patel, Nicole Kidman, Rooney Mara, Sunny Pawar",2016,118,8.1,102061,51.69,69
12,Hidden Figures,"Biography,Drama,History",The story of a team of female African-American mathematicians who served a vital role in NASA during the early years of the U.S. space program.,Theodore Melfi,"Taraji P. Henson, Octavia Spencer, Janelle Monáe,Kevin Costner",2016,127,7.8,93103,169.27,74
70,Deepwater Horizon,"Action,Drama,Thriller","A dramatization of the April 2010 disaster, when the offshore drilling rig Deepwater Horizon exploded and created the worst oil spill in U.S. history.",Peter Berg,"Mark Wahlberg, Kurt Russell, Douglas M. Griffin, James DuMont",2016,107,7.2,89849,61.28,68
72,Allied,"Action,Drama,Romance","In 1942, a Canadian intelligence officer in North Africa encounters a female French Resistance fighter on a deadly mission behind enemy lines. When they reunite in London, their relationship is tested by the pressures of war.",Robert Zemeckis,"Brad Pitt, Marion Cotillard, Jared Harris, Vincent Ebrahim",2016,124,7.1,78079,40.07,60
27,Bahubali: The Beginning,"Action,Adventure,Drama","In ancient India, an adventurous and daring man becomes involved in a decades old feud between two warring people.",S.S. Rajamouli,"Prabhas, Rana Daggubati, Anushka Shetty,Tamannaah Bhatia",2015,159,8.3,76193,6.5,
29,Bad Moms,Comedy,"When three overworked and under-appreciated moms are pushed beyond their limits, they ditch their conventional responsibilities for a jolt of long overdue freedom, fun, and comedic self-indulgence.",Jon Lucas,"Mila Kunis, Kathryn Hahn, Kristen Bell,Christina Applegate",2016,100,6.2,66540,113.08,60
4,Sing,"Animation,Comedy,Family","In a city of humanoid animals, a hustling theater impresario's attempt to save his theater with a singing competition becomes grander than he anticipates even as its finalists' find that their lives will never be the same.",Christophe Lourdelet,"Matthew McConaughey,Reese Witherspoon, Seth MacFarlane, Scarlett Johansson",2016,108,7.2,60545,270.32,59
6,The Great Wall,"Action,Adventure,Fantasy",European mercenaries searching for black powder become embroiled in the defense of the Great Wall of China against a horde of monstrous creatures.,Yimou Zhang,"Matt Damon, Tian Jing, Willem Dafoe, Andy Lau",2016,103,6.1,56036,45.13,42
56,Silence,"Adventure,Drama,History","In the 17th century, two Portuguese Jesuit priests travel to Japan in an attempt to locate their mentor, who is rumored to have committed apostasy, and to propagate Catholicism.",Martin Scorsese,"Andrew Garfield, Adam Driver, Liam Neeson,Tadanobu Asano",2016,161,7.3,49190,7.08,79
31,Why Him?,Comedy,A holiday gathering threatens to go off the rails when Ned Fleming realizes that his daughter's Silicon Valley millionaire boyfriend is about to pop the question.,John Hamburg,"Zoey Deutch, James Franco, Tangie Ambrose,Cedric the Entertainer",2016,111,6.3,48123,60.31,39
35,Resident Evil: The Final Chapter,"Action,Horror,Sci-Fi","Alice returns to where the nightmare began: The Hive in Raccoon City, where the Umbrella Corporation is gathering its forces for a final strike against the only remaining survivors of the apocalypse.",Paul W.S. Anderson,"Milla Jovovich, Iain Glen, Ali Larter, Shawn Roberts",2016,107,5.6,46165,26.84,49
74,Collateral Beauty,"Drama,Romance","Retreating from life after a tragedy, a man questions the universe by writing to Love, Time and Death. Receiving unexpected answers, he begins to see how these things interlock and how even loss can reveal moments of meaning and beauty.",David Frankel,"Will Smith, Edward Norton, Kate Winslet, Michael Peña",2016,97,6.8,43977,30.98,23
52,Underworld: Blood Wars,"Action,Adventure,Fantasy","Vampire death dealer, Selene (Kate Beckinsale) fights to end the eternal war between the Lycan clan and the Vampire faction that betrayed her.",Anna Foerster,"Kate Beckinsale, Theo James, Tobias Menzies, Lara Pulver",2016,91,5.8,41362,30.35,23
67,Patriots Day,"Drama,History,Thriller","The story of the 2013 Boston Marathon bombing and the aftermath, which includes the city-wide manhunt to find the terrorists responsible.",Peter Berg,"Mark Wahlberg, Michelle Monaghan, J.K. Simmons, John Goodman",2016,133,7.4,39784,31.86,69
73,A Monster Calls,"Drama,Fantasy",A boy seeks the help of a tree monster to cope with his single mother's terminal illness.,J.A. Bayona,"Lewis MacDougall, Sigourney Weaver, Felicity Jones,Toby Kebbell",2016,108,7.5,39134,3.73,76
24,Trolls,"Animation,Adventure,Comedy","After the Bergens invade Troll Village, Poppy, the happiest Troll ever born, and the curmudgeonly Branch set off on a journey to rescue her friends.",Walt Dohrn,"Anna Kendrick, Justin Timberlake,Zooey Deschanel, Christopher Mintz-Plasse",2016,92,6.5,38552,153.69,56
44,The Founder,"Biography,Drama,History","The story of Ray Kroc, a salesman who turned two brothers' innovative fast food eatery, McDonald's, into one of the biggest restaurant businesses in the world with a combination of ambition, persistence, and ruthlessness.",John Lee Hancock,"Michael Keaton, Nick Offerman, John Carroll Lynch, Linda Cardellini",2016,115,7.2,37033,12.79,66
62,The Autopsy of Jane Doe,"Horror,Mystery,Thriller","A father and son, both coroners, are pulled into a complex mystery while attempting to identify the body of a young woman, who was apparently harboring dark secrets.",André Øvredal,"Brian Cox, Emile Hirsch, Ophelia Lovibond, Michael McElhatton",2016,86,6.8,35870,,65
97,Kimi no na wa,"Animation,Drama,Fantasy","Two strangers find themselves linked in a bizarre way. When a connection forms, will distance be the only thing to keep them apart?",Makoto Shinkai,"Ryûnosuke Kamiki, Mone Kamishiraishi, Ryô Narita, Aoi Yuki",2016,106,8.6,34110,4.68,79
87,Live by Night,"Crime,Drama","A group of Boston-bred gangsters set up shop in balmy Florida during the Prohibition era, facing off against the competition and the Ku Klux Klan.",Ben Affleck,"Ben Affleck, Elle Fanning, Brendan Gleeson, Chris Messina",2016,129,6.4,27869,10.38,49
53,Mother's Day,"Comedy,Drama",Three generations come together in the week leading up to Mother's Day.,Garry Marshall,"Jennifer Aniston, Kate Hudson, Julia Roberts, Jason Sudeikis",2016,118,5.6,20221,32.46,18
21,Gold,"Adventure,Drama,Thriller","Kenny Wells, a prospector desperate for a lucky break, teams up with a similarly eager geologist and sets off on a journey to find gold in the uncharted jungle of Indonesia.",Stephen Gaghan,"Matthew McConaughey, Edgar Ramírez, Bryce Dallas Howard, Corey Stoll",2016,120,6.7,19053,7.22,49
47,Miss Sloane,"Drama,Thriller","In the high-stakes world of political power-brokers, Elizabeth Sloane is the most sought after and formidable lobbyist in D.C. But when taking on the most powerful opponent of her career, she finds winning may come at too high a price.",John Madden,"Jessica Chastain, Mark Strong, Gugu Mbatha-Raw,Michael Stuhlbarg",2016,132,7.3,17818,3.44,64
99,Personal Shopper,"Drama,Mystery,Thriller",A personal shopper in Paris refuses to leave the city until she makes contact with her twin brother who previously died there. Her life becomes more complicated when a mysterious person contacts her via text message.,Olivier Assayas,"Kristen Stewart, Lars Eidinger, Sigrid Bouaziz,Anders Danielsen Lie",2016,105,6.3,10181,1.29,77
98,The Void,"Horror,Mystery,Sci-Fi","Shortly after delivering a patient to an understaffed hospital, a police officer experiences strange and violent occurrences seemingly linked to a group of mysterious hooded figures.",Jeremy Gillespie,"Aaron Poole, Kenneth Welsh,Daniel Fathers, Kathleen Munroe",2016,90,5.8,9247,0.15,62
15,Colossal,"Action,Comedy,Drama","Gloria is an out-of-work party girl forced to leave her life in New York City, and move back home. When reports surface that a giant creature is destroying Seoul, she gradually comes to the realization that she is somehow connected to this phenomenon.",Nacho Vigalondo,"Anne Hathaway, Jason Sudeikis, Austin Stowell,Tim Blake Nelson",2016,109,6.4,8612,2.87,70
9,The Lost City of Z,"Action,Adventure,Biography","A true-life drama, centering on British explorer Col. Percival Fawcett, who disappeared while searching for a mysterious city in the Amazon in the 1920s.",James Gray,"Charlie Hunnam, Robert Pattinson, Sienna Miller, Tom Holland",2016,141,7.1,7188,8.01,78
48,Fallen,"Adventure,Drama,Fantasy","A young girl finds herself in a reform school after therapy since she was blamed for the death of a young boy. At the school she finds herself drawn to a fellow student, unaware that he is an angel, and has loved her for thousands of years.",Scott Hicks,"Hermione Corfield, Addison Timlin, Joely Richardson,Jeremy Irvine",2016,91,5.6,5103,,
59,Their Finest,"Comedy,Drama,Romance","A former secretary, newly appointed as a scriptwriter for propaganda films, joins the cast and crew of a major production while the Blitz rages around them.",Lone Scherfig,"Gemma Arterton, Sam Claflin, Bill Nighy, Jack Huston",2016,117,7,3739,3.18,76
8,Mindhorn,Comedy,"A has-been actor best known for playing the title character in the 1980s detective series ""Mindhorn"" must work with the police when a serial killer says that he will only speak with Detective Mindhorn, whom he believes to be a real person.",Sean Foley,"Essie Davis, Andrea Riseborough, Julian Barratt,Kenneth Branagh",2016,89,6.4,2490,,71
23,Hounds of Love,"Crime,Drama,Horror","A cold-blooded predatory couple while cruising the streets in search of their next victim, will stumble upon a 17-year-old high school girl, who will be sedated, abducted and chained in the strangers' guest room.",Ben Young,"Emma Booth, Ashleigh Cummings, Stephen Curry,Susie Porter",2016,108,6.7,1115,,72
50,The Last Face,Drama,"A director (Charlize Theron) of an international aid agency in Africa meets a relief aid doctor (Javier Bardem) amidst a political/social revolution, and together face tough choices ... See full summary »",Sean Penn,"Charlize Theron, Javier Bardem, Adèle Exarchopoulos,Jared Harris",2016,130,3.7,987,,16
28,Dead Awake,"Horror,Thriller",A young woman must save herself and her friends from an ancient evil that stalks its victims through the real-life phenomenon of sleep paralysis.,Phillip Guzman,"Jocelin Donahue, Jesse Bradford, Jesse Borrego,Lori Petty",2016,99,4.7,523,0.01,
43,Don't Fuck in the Woods,Horror,"A group of friends are going on a camping trip to celebrate graduating college. But once they enter the woods, the proverbial shit starts to hit the fan.",Shawn Burkett,"Brittany Blanton, Ayse Howard, Roman Jossart,Nadia White",2016,73,2.7,496,,
69,Wakefield,Drama,A man's nervous breakdown causes him to leave his wife and live in his attic for several months.,Robin Swicord,"Bryan Cranston, Jennifer Garner, Beverly D'Angelo,Jason O'Mara",2016,106,7.5,291,0.01,61
45,Lowriders,Drama,"A young street artist in East Los Angeles is caught between his father's obsession with lowrider car culture, his ex-felon brother and his need for self-expression.",Ricardo de Montreuil,"Gabriel Chavarria, Demián Bichir, Theo Rossi,Tony Revolori",2016,99,6.3,279,4.21,57
40,5- 25- 77,"Comedy,Drama","Alienated, hopeful-filmmaker Pat Johnson's epic story growing up in rural Illinois, falling in love, and becoming the first fan of the movie that changed everything.",Patrick Read Johnson,"John Francis Daley, Austin Pendleton, Colleen Camp, Neil Flynn",2007,113,7.1,241,,
26,Paris pieds nus,Comedy,"Fiona visits Paris for the first time to assist her myopic Aunt Martha. Catastrophes ensue, mainly involving Dom, a homeless man who has yet to have an emotion or thought he was afraid of expressing.",Dominique Abel,"Fiona Gordon, Dominique Abel,Emmanuelle Riva, Pierre Richard",2016,83,6.8,222,,
